DRIVER_LICENSE_STATUS,PERC
Licensed,97.50982887637835
Permit,0.7457149755073919
Unlicensed,1.7444561481142489
